
[
    {
        "user_id": 1,
        "user_name": "Sawers",
        "user_email": "msawers0@gnu.org"
    },
    {
        "user_id": 2,
        "user_name": "Skea",
        "user_email": "tskea1@skyrock.com"
    },
    {
        "user_id": 3,
        "user_name": "Eaken",
        "user_email": "meaken2@free.fr"
    },
    {
        "user_id": 4,
        "user_name": "Gyver",
        "user_email": "lgyver3@wordpress.org"
    },
    {
        "user_id": 5,
        "user_name": "Durram",
        "user_email": "cdurram4@techcrunch.com"
    },
    {
        "user_id": 6,
        "user_name": "Jerrom",
        "user_email": "mjerrom5@blog.com"
    },
    {
        "user_id": 7,
        "user_name": "Penketh",
        "user_email": "wpenketh6@networksolutions.com"
    },
    {
        "user_id": 8,
        "user_name": "Dohr",
        "user_email": "ddohr7@t.co"
    },
    {
        "user_id": 9,
        "user_name": "Forge",
        "user_email": "lforge8@blog.com"
    },
    {
        "user_id": 10,
        "user_name": "Gallehawk",
        "user_email": "tgallehawk9@webs.com"
    },
    {
        "user_id": 11,
        "user_name": "Delagua",
        "user_email": "sdelaguaa@sphinn.com"
    },
    {
        "user_id": 12,
        "user_name": "Algie",
        "user_email": "walgieb@opensource.org"
    },
    {
        "user_id": 13,
        "user_name": "Beeckx",
        "user_email": "cbeeckxc@webs.com"
    },
    {
        "user_id": 14,
        "user_name": "Tildesley",
        "user_email": "atildesleyd@sciencedaily.com"
    },
    {
        "user_id": 15,
        "user_name": "Chellam",
        "user_email": "mchellame@xrea.com"
    },
    {
        "user_id": 16,
        "user_name": "Base",
        "user_email": "dbasef@a8.net"
    },
    {
        "user_id": 17,
        "user_name": "Combes",
        "user_email": "acombesg@walmart.com"
    },
    {
        "user_id": 18,
        "user_name": "Docherty",
        "user_email": "jdochertyh@instagram.com"
    },
    {
        "user_id": 19,
        "user_name": "Hembery",
        "user_email": "bhemberyi@smugmug.com"
    },
    {
        "user_id": 20,
        "user_name": "Garham",
        "user_email": "egarhamj@linkedin.com"
    },
    {
        "user_id": 21,
        "user_name": "Malecky",
        "user_email": "nmaleckyk@360.cn"
    },
    {
        "user_id": 22,
        "user_name": "Durbann",
        "user_email": "gdurbannl@yahoo.com"
    },
    {
        "user_id": 23,
        "user_name": "Minster",
        "user_email": "eminsterm@github.io"
    },
    {
        "user_id": 24,
        "user_name": "Forge",
        "user_email": "cforgen@aol.com"
    },
    {
        "user_id": 25,
        "user_name": "Prichet",
        "user_email": "spricheto@nasa.gov"
    },
    {
        "user_id": 26,
        "user_name": "Bowhay",
        "user_email": "ybowhayp@who.int"
    },
    {
        "user_id": 27,
        "user_name": "Pullen",
        "user_email": "lpullenq@twitpic.com"
    },
    {
        "user_id": 28,
        "user_name": "Goodding",
        "user_email": "rgooddingr@about.me"
    },
    {
        "user_id": 29,
        "user_name": "Hallford",
        "user_email": "nhallfords@cocolog-nifty.com"
    },
    {
        "user_id": 30,
        "user_name": "Cheshire",
        "user_email": "scheshiret@hhs.gov"
    }
]